resolution,full-augmented-run_cer,full-original-run_cer,iter_5_model_cer
0.1,0.6841387872129483,1.7748645513275965,0.7972563316636121
0.25,0.2050516716310317,0.8903538064689107,0.210074864823289
0.5,0.08587692161262173,0.24320676959135257,0.09394815905953434
0.75,0.07666245089138839,0.3490550396217053,0.10122389408402947
