resolution,diva_aug,diva,al_random,al_entropy,al_kmean,diva_aug_alpha_10,fft_aug,fft
0.1,0.648352255261794,1.8414008657870142,1.6549460536977343,1.6582921056605953,1.6163892061338547,0.7972563316636121,0.6841387872129483,1.7748645513275965
0.25,0.210074864823289,0.8308640725619287,0.41242024288129087,0.4186583180405992,0.4207133159983425,0.20779145131908275,0.2050516716310317,0.8903538064689107
0.5,0.11494133861158015,0.2453670402436611,0.2577845836373312,0.2588947109622357,0.2582288056779242,0.09394815905953434,0.08587692161262173,0.24320676959135257
0.75,0.10122389408402947,0.3137768865035001,0.2488939189148484,0.24837554045140178,0.24780287931976183,0.08150397362887482,0.07666245089138839,0.3490550396217053
